raw_value,standardized_province,location_tier
pp,Phnom Penh,Tier_1
p.p,Phnom Penh,Tier_1
p.p.,Phnom Penh,Tier_1
phnom penh,Phnom Penh,Tier_1
phnompenh,Phnom Penh,Tier_1
phnom-penh,Phnom Penh,Tier_1
ភ្នំពេញ,Phnom Penh,Tier_1
siem reap,Siem Reap,Tier_2
siemreap,Siem Reap,Tier_2
siem-reap,Siem Reap,Tier_2
sr,Siem Reap,Tier_2
សៀមរាប,Siem Reap,Tier_2
battambang,Battambang,Tier_2
bat dambang,Battambang,Tier_2
bat tambang,Battambang,Tier_2
បាត់ដំបង,Battambang,Tier_2
kandal,Kandal,Tier_2
កណ្ដាល,Kandal,Tier_2
kampong cham,Kampong Cham,Tier_2
kompong cham,Kampong Cham,Tier_2
kampongcham,Kampong Cham,Tier_2
kampong speu,Kampong Speu,Tier_3
kompong speu,Kampong Speu,Tier_3
kampongspeu,Kampong Speu,Tier_3
takeo,Takeo,Tier_3
តាកែវ,Takeo,Tier_3
preah sihanouk,Preah Sihanouk,Tier_2
sihanoukville,Preah Sihanouk,Tier_2
sihanouk,Preah Sihanouk,Tier_2
kampot,Kampot,Tier_3
កំពត,Kampot,Tier_3
kep,Kep,Tier_3
koh kong,Koh Kong,Tier_3
kohkong,Koh Kong,Tier_3
kratie,Kratié,Tier_3
kratié,Kratié,Tier_3
mondulkiri,Mondulkiri,Tier_3
ratanakiri,Ratanakiri,Tier_3
stung treng,Stung Treng,Tier_3
svay rieng,Svay Rieng,Tier_3
prey veng,Prey Veng,Tier_3
pursat,Pursat,Tier_3
kampong thom,Kampong Thom,Tier_3
kompong thom,Kampong Thom,Tier_3
kampong chhnang,Kampong Chhnang,Tier_3
kompong chhnang,Kampong Chhnang,Tier_3
oddar meanchey,Oddar Meanchey,Tier_3
banteay meanchey,Banteay Meanchey,Tier_3
pailin,Pailin,Tier_3
preah vihear,Preah Vihear,Tier_3
tbong khmum,Tboung Khmum,Tier_3
tboung khmum,Tboung Khmum,Tier_3
tboungkhmum,Tboung Khmum,Tier_3
tbongkhmum,Tboung Khmum,Tier_3
ត្បូងឃ្មុំ,Tboung Khmum,Tier_3
